{
  "project_info": {
    "project_number": "761223669279",
    "firebase_url": "https://chitchat-c2dc9.firebaseio.com",
    "project_id": "chitchat-c2dc9",
    "storage_bucket": "chitchat-c2dc9.appspot.com"
  },
  "client": [
    {
      "client_info": {
        "mobilesdk_app_id": "1:761223669279:android:a7d91f58993b9132",
        "android_client_info": {
          "package_name": "com.example.a"
        }
      },
      "oauth_client": [
        {
          "client_id": "761223669279-ek56v6s4elo3lj31qhut71glpi262egu.apps.googleusercontent.com",
          "client_type": 1,
          "android_info": {
            "package_name": "com.example.a",
            "certificate_hash": "e2abad22a49c8f4dfa9849de6a8da1fd9183ccc6"
          }
        },
        {
          "client_id": "761223669279-gqo9ss5dnrf9kp6l9b96ed8cgrb9t71v.apps.googleusercontent.com",
          "client_type": 3
        }
      ],
      "api_key": [
        {
          "current_key": "AIzaSyB9irTVhpGcrqZFIY9DXrwk92Cz2YSyOLE"
        }
      ],
      "services": {
        "appinvite_service": {
          "other_platform_oauth_client": [
            {
              "client_id": "761223669279-gqo9ss5dnrf9kp6l9b96ed8cgrb9t71v.apps.googleusercontent.com",
              "client_type": 3
            }
          ]
        }
      }
    }
  ],
  "configuration_version": "1"
}